BITACORA	GET	/api/bitacora	E-01
BITACORA	GET	/api/bitacora/:id	E-02
BITACORA	POST	/api/bitacora	E-03
BITACORA	PUT	/api/bitacora/:id/review	E-04
BITACORA	PUT	/api/bitacora/:id/dismiss	E-05
BITACORA	PUT	/api/bitacora/:id/notes	E-06
BITACORA	PUT	/api/bitacora/:id/assign-order	E-07
BITACORA	POST	/api/bitacora/:id/create-order	E-08
BITACORA	PUT	/api/bitacora/:id/complete	E-09
BITACORA	GET	/api/bitacora/stats	E-10
BITACORA	GET	/api/bitacora/summary/vehicles	E-11
BITACORA	GET	/api/bitacora/summary/geofences	E-12
BITACORA	GET	/api/bitacora/export	E-13
DASHBOARD	GET	/api/dashboard/stats	E-01
DASHBOARD	GET	/api/dashboard/vehicles/overview	E-02
DASHBOARD	GET	/api/dashboard/shipments	E-03
DASHBOARD	GET	/api/dashboard/vehicles/on-route	E-04
FINANCE	GET	/invoices	E-01
FINANCE	GET	/invoices/:id	E-02
FINANCE	POST	/invoices	E-03
FINANCE	PATCH	/invoices/:id/status	E-04
FINANCE	POST	/invoices/:id/send	E-05
FINANCE	GET	/payments	E-06
FINANCE	POST	/payments	E-07
FINANCE	GET	/payments?invoiceId=:id	E-08
FINANCE	GET	/costs	E-09
FINANCE	POST	/costs	E-10
FINANCE	POST	/costs/:id/approve	E-11
FINANCE	GET	/costs/by-order/:orderId	E-12
FINANCE	GET	/costs/by-vehicle/:vehicleId	E-13
FINANCE	GET	/rates	E-14
FINANCE	GET	/rates/:id	E-15
FINANCE	GET	/rates/calculate	E-16
FINANCE	GET	/stats	E-17
FINANCE	GET	/customers/:id/summary	E-18
FINANCE	GET	/aging	E-19
FINANCE	GET	/profitability	E-20
FINANCE	GET	/cash-flow	E-21
MAINTENANCE	GET	/vehicles	E-01
MAINTENANCE	GET	/vehicles/:id	E-02
MAINTENANCE	POST	/vehicles	E-03
MAINTENANCE	PUT	/vehicles/:id	E-04
MAINTENANCE	DELETE	/vehicles/:id	E-05
MAINTENANCE	PATCH	/vehicles/:id/mileage	E-06
MAINTENANCE	GET	/schedules	E-07
MAINTENANCE	POST	/schedules	E-08
MAINTENANCE	PUT	/schedules/:id	E-09
MAINTENANCE	DELETE	/schedules/:id	E-10
MAINTENANCE	GET	/breakdowns	E-11
MAINTENANCE	POST	/breakdowns	E-12
MAINTENANCE	PUT	/breakdowns/:id	E-13
MAINTENANCE	GET	/work-orders	E-14
MAINTENANCE	GET	/work-orders/:id	E-15
MAINTENANCE	POST	/work-orders	E-16
MAINTENANCE	PUT	/work-orders/:id	E-17
MAINTENANCE	PATCH	/work-orders/:id/complete	E-18
MAINTENANCE	GET	/workshops	E-19
MAINTENANCE	POST	/workshops	E-20
MAINTENANCE	PUT	/workshops/:id	E-21
MAINTENANCE	GET	/parts	E-22
MAINTENANCE	POST	/parts	E-23
MAINTENANCE	PUT	/parts/:id	E-24
MAINTENANCE	GET	/parts/:id/transactions	E-25
MAINTENANCE	GET	/inspections	E-26
MAINTENANCE	POST	/inspections	E-27
MAINTENANCE	GET	/inspections/:id/checklists	E-28
MAINTENANCE	GET	/alerts	E-29
MAINTENANCE	PATCH	/alerts/:id/read	E-30
MAINTENANCE	PATCH	/alerts/:id/dismiss	E-31
MAINTENANCE	GET	/metrics	E-32
MAINTENANCE	GET	/vehicles/:id/history	E-33
MAINTENANCE	GET	/settings	E-34
MAINTENANCE	PUT	/settings	E-35
MASTER	GET	/customers	E-01
MASTER	GET	/customers/:id	E-02
MASTER	POST	/customers	E-03
MASTER	PUT	/customers/:id	E-04
MASTER	DELETE	/customers/:id	E-05
MASTER	POST	/customers/bulk-delete	E-06
MASTER	POST	/customers/:id/toggle-status	E-07
MASTER	GET	/customers/stats	E-08
MASTER	GET	/customers/find-by-document	E-09
MASTER	POST	/customers/import	E-10
MASTER	GET	/customers/export/csv	E-11
MASTER	GET	/customers/cities	E-12
MASTER	GET	/drivers	E-13
MASTER	GET	/drivers/:id	E-14
MASTER	POST	/drivers	E-15
MASTER	PUT	/drivers/:id	E-16
MASTER	DELETE	/drivers/:id	E-17
MASTER	POST	/drivers/bulk-delete	E-18
MASTER	GET	/drivers/stats	E-19
MASTER	GET	/drivers/expiring-licenses	E-20
MASTER	GET	/vehicles	E-21
MASTER	GET	/vehicles/:id	E-22
MASTER	POST	/vehicles	E-23
MASTER	PUT	/vehicles/:id	E-24
MASTER	DELETE	/vehicles/:id	E-25
MASTER	POST	/vehicles/bulk-delete	E-26
MASTER	GET	/vehicles/stats	E-27
MASTER	GET	/vehicles/expiring-documents	E-28
MASTER	GET	/vehicles/needing-maintenance	E-29
MASTER	GET	/operators	E-30
MASTER	GET	/operators/:id	E-31
MASTER	POST	/operators	E-32
MASTER	PUT	/operators/:id	E-33
MASTER	DELETE	/operators/:id	E-34
MASTER	GET	/operators/stats	E-35
MASTER	GET	/products	E-36
MASTER	GET	/products/:id	E-37
MASTER	POST	/products	E-38
MASTER	PUT	/products/:id	E-39
MASTER	DELETE	/products/:id	E-40
MASTER	POST	/products/:id/duplicate	E-41
MASTER	PATCH	/products/:id/status	E-42
MASTER	GET	/products/stats	E-43
MASTER	GET	/geofences	E-44
MASTER	POST	/geofences	E-45
MASTER	PUT	/geofences/:id	E-46
MASTER	DELETE	/geofences/:id	E-47
MASTER	POST	/geofences/bulk-delete	E-48
MASTER	POST	/geofences/:id/duplicate	E-49
MASTER	PATCH	/geofences/batch-color	E-50
MASTER	PATCH	/geofences/batch-category	E-51
MASTER	POST	/geofences/toggle-status-batch	E-52
MASTER	GET	/geofences/export/kml	E-53
MASTER	POST	/geofences/import/kml	E-54
MASTER	GET	/geofences/stats	E-55
MASTER	GET	/geofences/containing-point	E-56
MONITORING	GET	/tracking	E-01
MONITORING	GET	/tracking/:vehicleId	E-02
MONITORING	GET	/tracking/:vehicleId/position	E-03
MONITORING	GET	/tracking/:vehicleId/order	E-04
MONITORING	GET	/tracking/carriers	E-05
MONITORING	GET	/alerts	E-06
MONITORING	PATCH	/alerts/:id/acknowledge	E-07
MONITORING	PATCH	/alerts/:id/resolve	E-08
MONITORING	GET	/alert-rules	E-09
MONITORING	POST	/alert-rules	E-10
MONITORING	PATCH	/alert-rules/:id	E-11
MONITORING	DELETE	/alert-rules/:id	E-12
MONITORING	GET	/historical	E-13
MONITORING	GET	/historical/export	E-14
MONITORING	GET	/historical/vehicles	E-15
MONITORING	GET	/historical/vehicles/:vehicleId/date-range	E-16
MONITORING	GET	/retransmission	E-17
MONITORING	GET	/retransmission/:id	E-18
MONITORING	GET	/retransmission/stats	E-19
MONITORING	PATCH	/retransmission/:id/comment	E-20
MONITORING	PATCH	/retransmission/bulk-comments	E-21
MONITORING	GET	/retransmission/gps-companies	E-22
MONITORING	GET	/retransmission/companies	E-23
MONITORING	GET	/geofence-events	E-24
MONITORING	GET	/geofence-events/:id	E-25
MONITORING	POST	/geofence-events	E-26
MONITORING	PATCH	/geofence-events/:id	E-27
MONITORING	POST	/geofence-events/record-exit	E-28
MONITORING	GET	/geofence-events/dwell-summary	E-29
MONITORING	GET	/geofence-events/stats	E-30
MONITORING	GET	/geofence-events/active	E-31
MONITORING	GET	/geofence-events/check/:vehicleId/:geofenceId	E-32
ORDERS	GET	/	E-01
ORDERS	GET	/:id	E-02
ORDERS	POST	/	E-03
ORDERS	PATCH	/:id	E-04
ORDERS	DELETE	/:id	E-05
ORDERS	PATCH	/:id/status	E-06
ORDERS	POST	/:id/close	E-07
ORDERS	POST	/import	E-08
ORDERS	GET	/export	E-09
ORDERS	POST	/bulk-send	E-10
ORDERS	GET	/:id/workflow-progress	E-11
ORDERS	PATCH	/:id/milestones/:milestoneId	E-12
PLATFORM	GET	/tenants	E-01
PLATFORM	GET	/tenants/:id	E-02
PLATFORM	POST	/tenants	E-03
PLATFORM	PUT	/tenants/:id	E-04
PLATFORM	POST	/tenants/:id/suspend	E-05
PLATFORM	POST	/tenants/:id/reactivate	E-06
PLATFORM	DELETE	/tenants/:id	E-07
PLATFORM	GET	/tenants/:tenantId/modules	E-08
PLATFORM	PUT	/tenants/:tenantId/modules	E-09
PLATFORM	GET	/tenants/:tenantId/modules/:moduleCode/enabled	E-10
PLATFORM	POST	/users/master	E-11
PLATFORM	POST	/users/force-password-reset	E-12
PLATFORM	GET	/transfers	E-13
PLATFORM	POST	/transfers	E-14
PLATFORM	POST	/transfers/:id/approve	E-15
PLATFORM	POST	/transfers/:id/execute	E-16
PLATFORM	POST	/transfers/:id/reject	E-17
PLATFORM	GET	/dashboard	E-18
PLATFORM	GET	/activity	E-19
PLATFORM	GET	/tenants/:tenantId/fleet-groups	E-20
PLATFORM	POST	/tenants/:tenantId/fleet-groups	E-21
PLATFORM	PUT	/tenants/:tenantId/fleet-groups/:groupId	E-22
PLATFORM	DELETE	/tenants/:tenantId/fleet-groups/:groupId	E-23
REPORTS	GET	/api/reports/definitions	E-01
REPORTS	GET	/api/reports/definitions/:id	E-02
REPORTS	POST	/api/reports/definitions	E-03
REPORTS	PUT	/api/reports/definitions/:id	E-04
REPORTS	DELETE	/api/reports/definitions/:id	E-05
REPORTS	GET	/api/reports/definitions/categories	E-06
REPORTS	GET	/api/reports/templates	E-07
REPORTS	GET	/api/reports/templates/:id	E-08
REPORTS	POST	/api/reports/generate	E-09
REPORTS	GET	/api/reports/generated	E-10
REPORTS	GET	/api/reports/generated/:id	E-11
REPORTS	GET	/api/reports/generated/:id/status	E-12
REPORTS	GET	/api/reports/generated/:id/download	E-13
REPORTS	GET	/api/reports/schedules	E-14
REPORTS	GET	/api/reports/schedules/:id	E-15
REPORTS	POST	/api/reports/schedules	E-16
REPORTS	PUT	/api/reports/schedules/:id	E-17
REPORTS	PATCH	/api/reports/schedules/:id/toggle	E-18
REPORTS	DELETE	/api/reports/schedules/:id	E-19
REPORTS	POST	/api/reports/schedules/:id/run	E-20
REPORTS	GET	/api/reports/data/operational	E-21
REPORTS	GET	/api/reports/data/financial	E-22
REPORTS	GET	/api/reports/usage-stats	E-23
ROUTE_PLANNER	POST	/routing/optimize	E-01
ROUTE_PLANNER	POST	/routing/calculate	E-02
ROUTE_PLANNER	GET	/routing/geocode	E-03
ROUTE_PLANNER	GET	/routes	E-04
ROUTE_PLANNER	GET	/routes/:id	E-05
ROUTE_PLANNER	POST	/routes/manual	E-06
ROUTE_PLANNER	PATCH	/routes/:id/assign	E-07
ROUTE_PLANNER	PATCH	/routes/:id/stops/reorder	E-08
ROUTE_PLANNER	PATCH	/routes/:id/confirm	E-09
ROUTE_PLANNER	POST	/routes/confirm-all	E-10
ROUTE_PLANNER	PATCH	/routes/:id/dispatch	E-11
ROUTE_PLANNER	PATCH	/routes/:id/reset	E-12
ROUTE_PLANNER	PATCH	/routes/:id/revoke	E-13
ROUTE_PLANNER	DELETE	/routes/:id	E-14
ROUTE_PLANNER	GET	/routes/:id/calculate	E-15
ROUTE_PLANNER	GET	/depots	E-16
ROUTE_PLANNER	GET	/vehicles?status=available	E-17
ROUTE_PLANNER	GET	/drivers?status=available	E-18
ROUTE_PLANNER	GET	/route-templates	E-19
ROUTE_PLANNER	POST	/route-templates	E-20
ROUTE_PLANNER	POST	/whatif-scenarios	E-21
ROUTE_PLANNER	GET	/whatif-scenarios	E-22
SCHEDULING	GET	/orders	E-01
SCHEDULING	POST	/assign	E-02
SCHEDULING	POST	/unschedule	E-03
SCHEDULING	POST	/reassign	E-04
SCHEDULING	POST	/bulk-assign	E-05
SCHEDULING	GET	/calendar	E-06
SCHEDULING	GET	/timeline	E-07
SCHEDULING	GET	/conflicts	E-08
SCHEDULING	POST	/resolve-conflict	E-09
SCHEDULING	GET	/suggestions/:orderId	E-10
SCHEDULING	POST	/validate-hos	E-11
SCHEDULING	GET	/kpis	E-12
SCHEDULING	POST	/block-day	E-13
SCHEDULING	DELETE	/block-day/:id	E-14
SCHEDULING	GET	/blocked-days	E-15
SCHEDULING	POST	/auto-schedule	E-16
SCHEDULING	GET	/gantt	E-17
SCHEDULING	GET	/audit-logs	E-18
SCHEDULING	GET	/export	E-19
SCHEDULING	POST	/detect-conflicts	E-20
SCHEDULING	POST	/reschedule	E-21
SCHEDULING	GET	/notifications	E-22
SETTINGS	GET	/api/settings	E-01
SETTINGS	GET	/api/settings/:category	E-02
SETTINGS	PUT	/api/settings	E-03
SETTINGS	POST	/api/settings/:category/reset	E-04
SETTINGS	GET	/api/settings/export	E-05
SETTINGS	POST	/api/settings/import	E-06
SETTINGS	GET	/api/settings/overview	E-07
SETTINGS	GET	/api/settings/roles	E-08
SETTINGS	GET	/api/settings/roles/:id	E-09
SETTINGS	POST	/api/settings/roles	E-10
SETTINGS	PUT	/api/settings/roles/:id	E-11
SETTINGS	DELETE	/api/settings/roles/:id	E-12
SETTINGS	GET	/api/settings/integrations	E-13
SETTINGS	GET	/api/settings/integrations/:id	E-14
SETTINGS	POST	/api/settings/integrations	E-15
SETTINGS	PUT	/api/settings/integrations/:id	E-16
SETTINGS	PATCH	/api/settings/integrations/:id/toggle	E-17
SETTINGS	POST	/api/settings/integrations/:id/test	E-18
SETTINGS	POST	/api/settings/integrations/:id/sync	E-19
SETTINGS	GET	/api/settings/integrations/health	E-20
SETTINGS	GET	/api/settings/audit	E-21
SETTINGS	GET	/api/settings/audit/export	E-22
WORKFLOWS	GET	/api/workflows	E-01
WORKFLOWS	GET	/api/workflows/:id	E-02
WORKFLOWS	GET	/api/workflows/default	E-03
WORKFLOWS	GET	/api/workflows/active	E-04
WORKFLOWS	POST	/api/workflows	E-05
WORKFLOWS	PUT	/api/workflows/:id	E-06
WORKFLOWS	DELETE	/api/workflows/:id	E-07
WORKFLOWS	PATCH	/api/workflows/:id/status	E-08
WORKFLOWS	POST	/api/workflows/:id/duplicate	E-09
WORKFLOWS	POST	/api/workflows/:id/apply	E-10
WORKFLOWS	GET	/api/orders/:orderId/workflow-progress	E-11
WORKFLOWS	GET	/api/workflows/suggest	E-12
WORKFLOWS	GET	/api/workflows/:id/schedule-duration	E-13
WORKFLOWS	POST	/api/workflows/:id/validate-for-schedule	E-14
WORKFLOWS	GET	/api/workflows/:id/validate-geofences	E-15
WORKFLOWS	GET	/api/workflows/available-geofences	E-16
WORKFLOWS	GET	/api/workflows/geofences-by-category/:category	E-17
WORKFLOWS	GET	/api/workflows/available-customers	E-18
