Auth	POST	/auth/login
Auth	POST	/auth/logout
Master	GET	/master/customers
Master	GET	/master/customers/:id
Master	POST	/master/customers
Master	PUT	/master/customers/:id
Master	PATCH	/master/customers/:id/status
Master	DELETE	/master/customers/:id
Master	GET	/master/drivers
Master	GET	/master/drivers/:id
Master	POST	/master/drivers
Master	PUT	/master/drivers/:id
Master	PATCH	/master/drivers/:id/status
Master	GET	/master/vehicles
Master	GET	/master/vehicles/:id
Master	POST	/master/vehicles
Master	PUT	/master/vehicles/:id
Master	PATCH	/master/vehicles/:id/status
Master	POST	/master/vehicles/:id/breakdowns
Master	GET	/master/products
Master	GET	/master/products/:id
Master	POST	/master/products
Master	PUT	/master/products/:id
Master	PATCH	/master/products/:id/status
Master	POST	/master/customers/bulk-delete
Master	POST	/master/customers/:id/toggle-status
Master	GET	/master/customers/stats
Master	GET	/master/customers/find-by-document
Master	POST	/master/customers/import
Master	GET	/master/customers/export/csv
Master	GET	/master/customers/cities
Master	DELETE	/master/drivers/:id
Master	POST	/master/drivers/bulk-delete
Master	GET	/master/drivers/stats
Master	GET	/master/drivers/expiring-licenses
Master	DELETE	/master/vehicles/:id
Master	POST	/master/vehicles/bulk-delete
Master	GET	/master/vehicles/stats
Master	GET	/master/vehicles/expiring-documents
Master	GET	/master/vehicles/needing-maintenance
Master	DELETE	/master/products/:id
Master	POST	/master/products/:id/duplicate
Master	GET	/master/products/stats
Master	GET	/master/operators
Master	GET	/master/operators/:id
Master	POST	/master/operators
Master	PUT	/master/operators/:id
Master	DELETE	/master/operators/:id
Master	GET	/master/operators/stats
Geofence	GET	/geofences
Geofence	GET	/geofences/:id
Geofence	PUT	/geofences/:id
Geofence	DELETE	/geofences/:id
Geofence	POST	/geofences/bulk-delete
Geofence	POST	/geofences/:id/duplicate
Geofence	PATCH	/geofences/batch-color
Geofence	PATCH	/geofences/batch-category
Geofence	POST	/geofences/toggle-estatus-batch
Geofence	GET	/geofences/export/kml
Geofence	POST	/geofences/import/kml
Geofence	GET	/geofences/stats
Geofence	GET	/geofences/containing-point
Monitoring	GET	/monitoring/alerts
Monitoring	POST	/monitoring/alerts
Monitoring	PATCH	/monitoring/alerts/:id/acknowledge
Monitoring	PATCH	/monitoring/alerts/:id/resolve
Monitoring	PATCH	/monitoring/alerts/read-all
Monitoring	GET	/monitoring/stats
Monitoring	GET	/monitoring/tracking
Monitoring	GET	/monitoring/tracking/:vehicleId
Monitoring	GET	/monitoring/tracking/:vehicleId/position
Monitoring	GET	/monitoring/tracking/:vehicleId/order
Monitoring	GET	/monitoring/tracking/carriers
Monitoring	GET	/monitoring/alert-rules
Monitoring	POST	/monitoring/alert-rules
Monitoring	PATCH	/monitoring/alert-rules/:id
Monitoring	DELETE	/monitoring/alert-rules/:id
Monitoring	GET	/monitoring/historical
Monitoring	GET	/monitoring/historical/export
Monitoring	GET	/monitoring/historical/vehicles
Monitoring	GET	/monitoring/historical/vehicles/:vehicleId/date-range
Monitoring	GET	/monitoring/retransmission
Monitoring	GET	/monitoring/retransmission/:id
Monitoring	GET	/monitoring/retransmission/stats
Monitoring	PATCH	/monitoring/retransmission/:id/comment
Monitoring	PATCH	/monitoring/retransmission/bulk-comments
Monitoring	GET	/monitoring/retransmission/gps-companies
Monitoring	GET	/monitoring/retransmission/companies
Monitoring	GET	/monitoring/geofence-events
Monitoring	GET	/monitoring/geofence-events/:id
Monitoring	POST	/monitoring/geofence-events
Monitoring	PATCH	/monitoring/geofence-events/:id
Monitoring	POST	/monitoring/geofence-events/record-exit
Monitoring	GET	/monitoring/geofence-events/dwell-summary
Monitoring	GET	/monitoring/geofence-events/stats
Monitoring	GET	/monitoring/geofence-events/active
Monitoring	GET	/monitoring/geofence-events/check/:vehicleId/:geofenceId
Monitoring	GET	/monitoring/multi-window/panels
Monitoring	POST	/monitoring/multi-window/panels
Monitoring	PATCH	/monitoring/multi-window/panels/:id
Monitoring	DELETE	/monitoring/multi-window/panels/:id
Monitoring	WS	/monitoring/websocket?token=<JWT>
Maintenance	GET	/maintenance/stats
Maintenance	GET	/maintenance/work-orders
Maintenance	GET	/maintenance/work-orders/:id
Maintenance	POST	/maintenance/work-orders
Maintenance	PUT	/maintenance/work-orders/:id
Maintenance	PATCH	/maintenance/work-orders/:id/status
Maintenance	PATCH	/maintenance/work-orders/:id/complete
Maintenance	GET	/maintenance/schedules
Maintenance	POST	/maintenance/schedules
Maintenance	PUT	/maintenance/schedules/:id
Maintenance	DELETE	/maintenance/schedules/:id
Maintenance	GET	/maintenance/breakdowns
Maintenance	POST	/maintenance/breakdowns
Maintenance	PUT	/maintenance/breakdowns/:id
Maintenance	PATCH	/maintenance/breakdowns/:id/status
Maintenance	GET	/maintenance/vehicles
Maintenance	POST	/maintenance/vehicles
Maintenance	GET	/maintenance/vehicles/:id
Maintenance	PUT	/maintenance/vehicles/:id
Maintenance	DELETE	/maintenance/vehicles/:id
Maintenance	GET	/maintenance/vehicles/:id/history
Maintenance	PATCH	/maintenance/vehicles/:id/mileage
Maintenance	GET	/maintenance/vehicles/:id/costs
Maintenance	GET	/maintenance/workshops
Maintenance	POST	/maintenance/workshops
Maintenance	PUT	/maintenance/workshops/:id
Maintenance	GET	/maintenance/parts
Maintenance	POST	/maintenance/parts
Maintenance	PUT	/maintenance/parts/:id
Maintenance	GET	/maintenance/parts/:id/transactions
Maintenance	POST	/maintenance/parts/:id/transactions
Maintenance	GET	/maintenance/inspections
Maintenance	POST	/maintenance/inspections
Maintenance	GET	/maintenance/inspections/:id
Maintenance	GET	/maintenance/inspections/:id/checklists
Maintenance	GET	/maintenance/alerts
Maintenance	PATCH	/maintenance/alerts/:id/read
Maintenance	PATCH	/maintenance/alerts/:id/dismiss
Maintenance	GET	/maintenance/metrics
Maintenance	GET	/maintenance/metrics/costs
Maintenance	GET	/maintenance/metrics/downtime
Maintenance	GET	/maintenance/settings
Maintenance	PUT	/maintenance/settings
Settings	GET	/settings
Settings	GET	/settings/:category
Settings	PUT	/settings
Settings	POST	/settings/:category/reset
Settings	GET	/settings/export
Settings	POST	/settings/import
Settings	GET	/settings/overview
Settings	POST	/settings/bulk
Settings	GET	/settings/:category/:key
Settings	PUT	/settings/:category/:key
Settings	DELETE	/settings/:category/:key
Settings	POST	/settings/load-defaults
Settings	POST	/settings/reset
Settings	GET	/settings/roles
Settings	GET	/settings/roles/:id
Settings	POST	/settings/roles
Settings	PUT	/settings/roles/:id
Settings	DELETE	/settings/roles/:id
Settings	GET	/settings/integrations
Settings	GET	/settings/integrations/:id
Settings	POST	/settings/integrations
Settings	PUT	/settings/integrations/:id
Settings	DELETE	/settings/integrations/:id
Settings	PATCH	/settings/integrations/:id/toggle
Settings	POST	/settings/integrations/:id/test
Settings	POST	/settings/integrations/:id/sync
Settings	GET	/settings/integrations/health
Settings	GET	/settings/audit
Settings	GET	/settings/audit/export
Scheduling	GET	/operations/scheduling/orders
Scheduling	POST	/operations/scheduling/assign
Scheduling	POST	/operations/scheduling/unschedule
Scheduling	POST	/operations/scheduling/reassign
Scheduling	POST	/operations/scheduling/bulk-assign
Scheduling	GET	/operations/scheduling/calendar
Scheduling	GET	/operations/scheduling/timeline
Scheduling	GET	/operations/scheduling/conflicts
Scheduling	POST	/operations/scheduling/resolve-conflict
Scheduling	GET	/operations/scheduling/suggestions/:orderId
Scheduling	POST	/operations/scheduling/validate-hos
Scheduling	GET	/operations/scheduling/kpis
Scheduling	POST	/operations/scheduling/block-day
Scheduling	DELETE	/operations/scheduling/block-day/:id
Scheduling	GET	/operations/scheduling/blocked-days
Scheduling	POST	/operations/scheduling/auto-schedule
Scheduling	GET	/operations/scheduling/gantt
Scheduling	GET	/operations/scheduling/audit-logs
Scheduling	GET	/operations/scheduling/export
Scheduling	POST	/operations/scheduling/detect-conflicts
Scheduling	POST	/operations/scheduling/reschedule
Scheduling	GET	/operations/scheduling/notifications
Reports	GET	/reports/definitions
Reports	GET	/reports/definitions/:id
Reports	POST	/reports/definitions
Reports	PUT	/reports/definitions/:id
Reports	DELETE	/reports/definitions/:id
Reports	GET	/reports/definitions/categories
Reports	GET	/reports/templates
Reports	GET	/reports/templates/:id
Reports	POST	/reports/generate
Reports	GET	/reports/generated
Reports	GET	/reports/generated/:id
Reports	GET	/reports/generated/:id/status
Reports	GET	/reports/generated/:id/download
Reports	GET	/reports/schedules
Reports	GET	/reports/schedules/:id
Reports	POST	/reports/schedules
Reports	PUT	/reports/schedules/:id
Reports	PATCH	/reports/schedules/:id/toggle
Reports	DELETE	/reports/schedules/:id
Reports	POST	/reports/schedules/:id/run
Reports	GET	/reports/data/operational
Reports	GET	/reports/data/financial
Reports	GET	/reports/usage-stats
Platform	GET	/platform/tenants
Platform	GET	/platform/tenants/:id
Platform	POST	/platform/tenants
Platform	PUT	/platform/tenants/:id
Platform	PATCH	/platform/tenants/:id/status
Platform	GET	/platform/users
Platform	GET	/platform/users/:id
Platform	POST	/platform/users
Platform	PUT	/platform/users/:id
Platform	PATCH	/platform/users/:id/status
Platform	PATCH	/platform/users/:id/permissions
Platform	POST	/platform/tenants/:id/suspend
Platform	POST	/platform/tenants/:id/reactivate
Platform	DELETE	/platform/tenants/:id
Platform	GET	/platform/tenants/:tenantId/modules
Platform	PUT	/platform/tenants/:tenantId/modules
Platform	GET	/platform/tenants/:tenantId/modules/:moduleCode/enabled
Platform	POST	/platform/users/master
Platform	POST	/platform/users/force-password-reset
Platform	GET	/platform/transfers
Platform	POST	/platform/transfers
Platform	POST	/platform/transfers/:id/approve
Platform	POST	/platform/transfers/:id/execute
Platform	POST	/platform/transfers/:id/reject
Platform	GET	/platform/dashboard
Platform	GET	/platform/activity
Platform	GET	/platform/tenants/:tenantId/fleet-groups
Platform	POST	/platform/tenants/:tenantId/fleet-groups
Platform	PUT	/platform/tenants/:tenantId/fleet-groups/:groupId
Platform	DELETE	/platform/tenants/:tenantId/fleet-groups/:groupId
Workflows	GET	/workflows
Workflows	GET	/workflows/:id
Workflows	POST	/workflows
Workflows	PUT	/workflows/:id
Workflows	PATCH	/workflows/:id/status
Workflows	DELETE	/workflows/:id
Workflows	GET	/workflows/:id/executions
Workflows	POST	/workflows/:id/trigger
Workflows	GET	/workflows/default
Workflows	GET	/workflows/active
Workflows	POST	/workflows/:id/duplicate
Workflows	POST	/workflows/:id/apply
Workflows	GET	/orders/:orderId/workflow-progress
Workflows	GET	/workflows/suggest
Workflows	GET	/workflows/:id/schedule-duration
Workflows	POST	/workflows/:id/validate-for-schedule
Workflows	GET	/workflows/:id/validate-geofences
Workflows	GET	/workflows/helpers/available-geofences
Workflows	GET	/workflows/helpers/geofences-by-category/:category
Workflows	GET	/workflows/helpers/available-customers
Orders	GET	/orders
Orders	GET	/orders/:id
Orders	POST	/orders
Orders	PATCH	/orders/:id
Orders	DELETE	/orders/:id
Orders	PATCH	/orders/:id/status
Orders	PATCH	/orders/:id/assign
Orders	GET	/orders/:id/tracking
Orders	POST	/orders/:id/transit-update
Orders	POST	/orders/:id/deliver
Orders	POST	/orders/:id/cancel
Orders	POST	/orders/:id/close
Orders	POST	/orders/:id/items
Orders	GET	/orders/stats
Orders	POST	/orders/import
Orders	GET	/orders/export
Orders	POST	/orders/bulk-send
Orders	GET	/orders/:id/workflow-progress
Orders	PATCH	/orders/:id/milestones/:milestoneId
Dashboard	GET	/dashboard/stats
Dashboard	GET	/dashboard/vehicles/overview
Dashboard	GET	/dashboard/shipments
Dashboard	GET	/dashboard/vehicles/on-route
Bitacora	GET	/bitacora/stats
Bitacora	GET	/bitacora/summary/vehicles
Bitacora	GET	/bitacora/summary/geofences
Bitacora	GET	/bitacora/export
Bitacora	GET	/bitacora/geofence-breaches
Bitacora	GET	/bitacora/vehicle/:vehicleId
Bitacora	GET	/bitacora
Bitacora	POST	/bitacora
Bitacora	GET	/bitacora/:id
Bitacora	PUT	/bitacora/:id/review
Bitacora	PUT	/bitacora/:id/dismiss
Bitacora	PUT	/bitacora/:id/notes
Bitacora	PUT	/bitacora/:id/assign-order
Bitacora	POST	/bitacora/:id/create-order
Bitacora	PUT	/bitacora/:id/complete
RoutePlanner	GET	/route-planner/routes
RoutePlanner	GET	/route-planner/routes/:id
RoutePlanner	POST	/route-planner/routes
RoutePlanner	PATCH	/route-planner/routes/:id/status
RoutePlanner	PATCH	/route-planner/routes/:routeId/stops/:stopId/estado
RoutePlanner	POST	/route-planner/routes/:id/stops
RoutePlanner	GET	/route-planner/routes/:id/status
RoutePlanner	POST	/route-planner/optimize
RoutePlanner	POST	/route-planner/calculate
RoutePlanner	GET	/route-planner/geocode
RoutePlanner	POST	/route-planner/routes/manual
RoutePlanner	PATCH	/route-planner/routes/:id/assign
RoutePlanner	PATCH	/route-planner/routes/:id/stops/reorder
RoutePlanner	PATCH	/route-planner/routes/:id/confirm
RoutePlanner	POST	/route-planner/routes/confirm-all
RoutePlanner	PATCH	/route-planner/routes/:id/dispatch
RoutePlanner	PATCH	/route-planner/routes/:id/reset
RoutePlanner	PATCH	/route-planner/routes/:id/revoke
RoutePlanner	DELETE	/route-planner/routes/:id
RoutePlanner	GET	/route-planner/routes/:id/calculate
RoutePlanner	GET	/route-planner/depots
RoutePlanner	GET	/route-planner/vehicles
RoutePlanner	GET	/route-planner/drivers
RoutePlanner	GET	/route-planner/route-templates
RoutePlanner	POST	/route-planner/route-templates
RoutePlanner	POST	/route-planner/whatif-scenarios
RoutePlanner	GET	/route-planner/whatif-scenarios
Finance	GET	/finance/invoices
Finance	GET	/finance/invoices/:id
Finance	POST	/finance/invoices
Finance	PATCH	/finance/invoices/:id/status
Finance	POST	/finance/invoices/:id/send
Finance	GET	/finance/payments
Finance	POST	/finance/payments
Finance	GET	/finance/payments?invoiceId=:id
Finance	GET	/finance/costs
Finance	POST	/finance/costs
Finance	PATCH	/finance/costs/:id/approve
Finance	GET	/finance/costs/by-order/:orderId
Finance	GET	/finance/costs/by-vehicle/:vehicleId
Finance	GET	/finance/rates
Finance	GET	/finance/rates/:id
Finance	GET	/finance/rates/calculate
Finance	GET	/finance/stats
Finance	GET	/finance/clientes/:id/summary
Finance	GET	/finance/aging
Finance	GET	/finance/profitability
Finance	GET	/finance/cash-flow
