POST	/operations/scheduling/bulk-assign
POST	/maintenance/breakdowns
GET	/bitacora/summary/geofences
POST	/operations/scheduling/reassign
GET	/monitoring/alerts
GET	/route-planner/route-templates
GET	/maintenance/metrics/costs
POST	/settings/load-defaults
GET	/maintenance/workshops
GET	/operations/scheduling/gantt
PATCH	/master/vehicles/:id/status
GET	/master/vehicles/:id
GET	/maintenance/metrics
PATCH	/monitoring/alerts/read-all
GET	/master/customers/export/csv
GET	/monitoring/multi-window/panels
PUT	/bitacora/:id/assign-order
POST	/operations/scheduling/assign
GET	/maintenance/alerts
PUT	/maintenance/vehicles/:id
GET	/maintenance/inspections/:id
GET	/master/drivers/expiring-licenses
GET	/geofences
POST	/operations/scheduling/auto-schedule
GET	/maintenance/stats
GET	/maintenance/vehicles/:id/history
GET	/maintenance/parts
PATCH	/monitoring/alerts/:id/resolve
POST	/geofences/import/kml
POST	/auth/logout
DELETE	/master/customers/:id
POST	/route-planner/optimize
POST	/maintenance/schedules
PUT	/maintenance/settings
POST	/geofences/toggle-estatus-batch
PATCH	/route-planner/routes/:routeId/stops/:stopId/estado
GET	/bitacora/:id
DELETE	/route-planner/routes/:id
GET	/monitoring/alert-rules
PATCH	/platform/tenants/:id/status
PUT	/maintenance/work-orders/:id
PUT	/master/drivers/:id
PATCH	/maintenance/alerts/:id/read
GET	/route-planner/geocode
GET	/route-planner/drivers
POST	/maintenance/work-orders
GET	/operations/scheduling/notifications
GET	/route-planner/routes/:id
POST	/master/customers
PATCH	/geofences/batch-color
GET	/monitoring/stats
POST	/auth/login
GET	/orders/:id/tracking
POST	/operations/scheduling/block-day
GET	/dashboard/shipments
PUT	/bitacora/:id/notes
GET	/orders/stats
PUT	/bitacora/:id/dismiss
GET	/maintenance/vehicles
PATCH	/platform/users/:id/status
GET	/route-planner/depots
GET	/master/vehicles/needing-maintenance
POST	/geofences/bulk-delete
PUT	/maintenance/breakdowns/:id
PATCH	/finance/costs/:id/approve
DELETE	/geofences/:id
GET	/maintenance/breakdowns
GET	/workflows/:id/executions
PATCH	/route-planner/routes/:id/confirm
POST	/master/vehicles
GET	/operations/scheduling/orders
PUT	/bitacora/:id/review
POST	/maintenance/parts/:id/transactions
GET	/operations/scheduling/timeline
POST	/geofences/:id/duplicate
GET	/bitacora/export
GET	/geofences/stats
PUT	/settings/:category/:key
GET	/platform/tenants/:tenantId/fleet-groups
PATCH	/route-planner/routes/:id/dispatch
GET	/operations/scheduling/export
GET	/geofences/:id
PATCH	/maintenance/breakdowns/:id/status
POST	/route-planner/routes
PUT	/master/vehicles/:id
PATCH	/maintenance/vehicles/:id/mileage
GET	/bitacora/vehicle/:vehicleId
DELETE	/maintenance/vehicles/:id
PATCH	/route-planner/routes/:id/reset
POST	/platform/users/force-password-reset
GET	/geofences/export/kml
PUT	/maintenance/schedules/:id
GET	/reports/data/financial
POST	/finance/invoices/:id/send
PATCH	/maintenance/work-orders/:id/complete
GET	/master/customers/find-by-document
GET	/maintenance/schedules
PATCH	/master/drivers/:id/status
POST	/master/drivers/bulk-delete
POST	/bitacora/:id/create-order
DELETE	/monitoring/multi-window/panels/:id
POST	/route-planner/routes/:id/stops
GET	/operations/scheduling/audit-logs
DELETE	/master/drivers/:id
PATCH	/orders/:id
GET	/maintenance/vehicles/:id/costs
POST	/maintenance/parts
GET	/master/customers/cities
POST	/master/vehicles/bulk-delete
GET	/reports/usage-stats
GET	/platform/transfers
GET	/maintenance/work-orders
GET	/master/customers/:id
GET	/master/customers
PATCH	/route-planner/routes/:id/assign
GET	/platform/activity
GET	/master/vehicles/stats
POST	/orders/bulk-send
GET	/master/drivers/:id
POST	/reports/generate
GET	/platform/users/:id
GET	/master/drivers/stats
GET	/dashboard/vehicles/on-route
POST	/operations/scheduling/unschedule
PATCH	/monitoring/multi-window/panels/:id
GET	/master/customers/stats
POST	/master/vehicles/:id/breakdowns
GET	/operations/scheduling/conflicts
PUT	/platform/tenants/:tenantId/fleet-groups/:groupId
POST	/workflows/:id/trigger
GET	/dashboard/vehicles/overview
GET	/monitoring/historical/vehicles
GET	/master/vehicles
GET	/monitoring/historical/export
POST	/route-planner/routes/manual
GET	/maintenance/parts/:id/transactions
GET	/route-planner/routes/:id/calculate
POST	/platform/users
POST	/master/drivers
POST	/settings/reset
POST	/maintenance/inspections
GET	/workflows/:id/schedule-duration
DELETE	/settings/:category/:key
PATCH	/geofences/batch-category
POST	/bitacora
GET	/dashboard/stats
POST	/route-planner/whatif-scenarios
PUT	/geofences/:id
GET	/route-planner/routes
POST	/orders/:id/transit-update
DELETE	/master/vehicles/:id
GET	/operations/scheduling/blocked-days
POST	/orders/:id/items
GET	/orders/export
GET	/operations/scheduling/calendar
GET	/workflows/suggest
POST	/monitoring/alerts
DELETE	/maintenance/schedules/:id
GET	/reports/data/operational
POST	/route-planner/route-templates
POST	/master/customers/bulk-delete
GET	/settings/:category/:key
PATCH	/route-planner/routes/:id/stops/reorder
POST	/route-planner/routes/confirm-all
POST	/platform/tenants/:tenantId/fleet-groups
GET	/platform/tenants
DELETE	/operations/scheduling/block-day/:id
GET	/geofences/containing-point
PATCH	/route-planner/routes/:id/revoke
PATCH	/orders/:id/status
DELETE	/monitoring/alert-rules/:id
POST	/maintenance/workshops
POST	/platform/users/master
GET	/platform/tenants/:tenantId/modules/:moduleCode/enabled
GET	/settings/audit/export
POST	/monitoring/multi-window/panels
WS	/monitoring/websocket
GET	/bitacora/stats
GET	/maintenance/vehicles/:id
GET	/monitoring/geofence-events/check/:vehicleId/:geofenceId
POST	/orders/:id/cancel
GET	/route-planner/routes/:id/status
GET	/orders
GET	/master/vehicles/expiring-documents
PUT	/master/customers/:id
GET	/maintenance/settings
GET	/maintenance/inspections/:id/checklists
PATCH	/maintenance/work-orders/:id/status
PUT	/maintenance/parts/:id
POST	/settings/bulk
POST	/orders/:id/deliver
POST	/monitoring/alert-rules
GET	/maintenance/work-orders/:id
PATCH	/route-planner/routes/:id/status
PUT	/platform/users/:id
PATCH	/monitoring/alert-rules/:id
PUT	/bitacora/:id/complete
GET	/route-planner/vehicles
POST	/master/customers/import
GET	/bitacora/summary/vehicles
PATCH	/master/customers/:id/status
DELETE	/platform/tenants/:tenantId/fleet-groups/:groupId
GET	/monitoring/historical/vehicles/:vehicleId/date-range
POST	/master/customers/:id/toggle-status
GET	/platform/users
GET	/master/drivers
POST	/operations/scheduling/resolve-conflict
GET	/maintenance/inspections
POST	/operations/scheduling/reschedule
PATCH	/platform/users/:id/permissions
DELETE	/settings/integrations/:id
GET	/bitacora/geofence-breaches
POST	/maintenance/vehicles
GET	/bitacora
PATCH	/monitoring/alerts/:id/acknowledge
GET	/route-planner/whatif-scenarios
PATCH	/maintenance/alerts/:id/dismiss
POST	/route-planner/calculate
PUT	/maintenance/workshops/:id
GET	/maintenance/metrics/downtime
GET	/workflows/:id/validate-geofences
