src/services/master/assignment.service.ts	530	POST	/master/assignments/validate
src/services/master/assignment.service.ts	552	GET	/master/assignments
src/services/master/assignment.service.ts	563	GET	/master/assignments/:id
src/services/master/assignment.service.ts	576	GET	/master/assignments/by-driver/:id
src/services/master/assignment.service.ts	589	GET	/master/assignments/by-vehicle/:id
src/services/master/assignment.service.ts	660	POST	/master/assignments
src/services/master/assignment.service.ts	696	DELETE	/master/assignments/:assignmentId
src/services/master/assignment.service.ts	768	POST	/master/assignments/transfer
src/services/master/assignment.service.ts	798	GET	/master/assignments/stats
src/services/master/assignment.service.ts	838	GET	/master/assignments/history
src/services/master/assignment.service.ts	860	GET	/master/assignments/compatible-drivers/:id
src/services/master/assignment.service.ts	882	GET	/master/assignments/compatible-vehicles/:id
src/services/master/audit.service.ts	225	POST	/master/audit
src/services/master/audit.service.ts	247	GET	/master/audit
src/services/master/audit.service.ts	289	GET	/master/audit/entity/:entityType/:entityId
src/services/master/audit.service.ts	300	GET	/master/audit/stats
src/services/master/maintenance.service.ts	224	GET	/master/maintenance/by-vehicle/:id
src/services/master/maintenance.service.ts	236	GET	/master/maintenance
src/services/master/maintenance.service.ts	269	GET	/master/maintenance/:id
src/services/master/maintenance.service.ts	283	POST	/master/maintenance
src/services/master/maintenance.service.ts	318	PUT	/master/maintenance/:id
src/services/master/maintenance.service.ts	353	POST	/master/maintenance/:id/complete
src/services/master/maintenance.service.ts	401	POST	/master/maintenance/:id/cancel
src/services/master/maintenance.service.ts	426	DELETE	/master/maintenance/:id
src/services/master/maintenance.service.ts	447	GET	/master/maintenance/schedules/by-vehicle/:id
src/services/master/maintenance.service.ts	461	POST	/master/maintenance/schedules
src/services/master/maintenance.service.ts	483	PUT	/master/maintenance/schedules/:id
src/services/master/maintenance.service.ts	502	DELETE	/master/maintenance/schedules/:id
src/services/master/maintenance.service.ts	523	GET	/master/maintenance/stats
src/services/master/maintenance.service.ts	591	GET	/master/maintenance/upcoming
src/services/master/maintenance.service.ts	612	GET	/master/maintenance/overdue
src/services/master/maintenance.service.ts	634	GET	/master/maintenance/costs/by-vehicle/:id
src/services/master/medical-exams.service.ts	165	GET	/master/medical-exams/medical/by-driver/:id
src/services/master/medical-exams.service.ts	178	GET	/master/medical-exams/medical/:id
src/services/master/medical-exams.service.ts	193	POST	/master/medical-exams/medical
src/services/master/medical-exams.service.ts	216	PUT	/master/medical-exams/medical/:id
src/services/master/medical-exams.service.ts	235	DELETE	/master/medical-exams/medical/:id
src/services/master/medical-exams.service.ts	256	GET	/master/medical-exams/psychological/by-driver/:id
src/services/master/medical-exams.service.ts	268	GET	/master/medical-exams/psychological/:id
src/services/master/medical-exams.service.ts	283	POST	/master/medical-exams/psychological
src/services/master/medical-exams.service.ts	306	PUT	/master/medical-exams/psychological/:id
src/services/master/medical-exams.service.ts	325	DELETE	/master/medical-exams/psychological/:id
src/services/master/medical-exams.service.ts	346	GET	/master/medical-exams/stats
src/services/master/medical-exams.service.ts	381	GET	/master/medical-exams/expiring
src/services/master/medical-exams.service.ts	410	GET	/master/medical-exams/expired
src/services/master/medical-exams.service.ts	436	GET	/master/medical-exams/validate/:id
src/services/master/medical-exams.service.ts	475	GET	/master/medical-exams/restrictions/:id
src/services/master/operators.service.ts	152	GET	/master/operators/by-code/:code
src/services/master/operators.service.ts	164	GET	/master/operators/by-ruc/:ruc
src/services/master/operators.service.ts	311	PATCH	/master/operators/:id/status
src/services/master/operators.service.ts	322	PUT	/master/operators/:id/checklist
src/services/master/operators.service.ts	353	PATCH	/master/operators/:id/checklist/:itemId
src/services/master/operators.service.ts	372	POST	/master/operators/:id/documents
src/services/master/operators.service.ts	391	POST	/master/operators/:id/contacts
src/services/master/operators.service.ts	454	GET	/master/operators/search
src/services/master/products.service.ts	159	GET	/master/products/by-sku/:sku
src/services/master/products.service.ts	171	GET	/master/products/by-barcode/:barcode
src/services/master/products.service.ts	410	GET	/master/products/search
src/services/master/products.service.ts	436	GET	/master/products/categories
src/services/monitoring/historical.service.ts	201	GET	/monitoring/historical/vehicles/:_vehicleId/date-range
src/services/monitoring/historical.service.ts	220	GET	/monitoring/historical/preloaded
src/services/monitoring/tracking.service.ts	232	GET	/orders/:id/milestones
src/services/monitoring/tracking.service.ts	244	GET	/monitoring/tracking/with-orders
src/services/notification.service.ts	131	GET	/notifications
src/services/notification.service.ts	144	GET	/notifications/:id
src/services/notification.service.ts	192	POST	/notifications
src/services/notification.service.ts	213	PATCH	/notifications/:id/read
src/services/notification.service.ts	239	PATCH	/notifications/mark-all-read
src/services/notification.service.ts	258	DELETE	/notifications/:id
src/services/notification.service.ts	279	DELETE	/notifications/old
src/services/notification.service.ts	333	GET	/notifications/stats
src/services/notification.service.ts	351	GET	/notifications/preferences/:id
src/services/notification.service.ts	370	PUT	/notifications/preferences/:id
src/services/notification.service.ts	388	GET	/notifications/templates
src/services/notification.service.ts	428	POST	/notifications/templates/:id/create
src/services/orders/IncidentService.ts	95	GET	/incidents/catalog
src/services/orders/IncidentService.ts	107	GET	/incidents/catalog/active
src/services/orders/IncidentService.ts	120	GET	/incidents/catalog/:id
src/services/orders/IncidentService.ts	137	GET	/incidents/catalog
src/services/orders/IncidentService.ts	150	GET	/incidents/catalog/search
src/services/orders/IncidentService.ts	207	POST	/incidents/catalog
src/services/orders/IncidentService.ts	243	PUT	/incidents/catalog/:id
src/services/orders/IncidentService.ts	255	PATCH	/incidents/catalog/:id/deactivate
src/services/orders/IncidentService.ts	268	GET	/incidents/orders/:id
src/services/orders/IncidentService.ts	333	POST	/incidents/orders/:id
src/services/orders/IncidentService.ts	371	PUT	/incidents/orders/:id/:recordId
src/services/orders/IncidentService.ts	397	POST	/incidents/orders/:id/:recordId/resolve
src/services/orders/IncidentService.ts	425	DELETE	/incidents/orders/:id/:recordId
src/services/orders/IncidentService.ts	534	GET	/incidents/statistics
src/services/orders/OrderExportService.ts	478	POST	/orders/export/excel
src/services/orders/OrderService.ts	198	GET	/orders/by-number/:orderNumber
src/services/orders/OrderService.ts	306	GET	/orders/by-driver/:id
src/services/orders/OrderService.ts	385	GET	/orders/by-vehicle/:id
src/services/orders/OrderService.ts	631	PATCH	/orders/:id/start-trip
src/services/orders/OrderService.ts	864	POST	/orders/:id/send-external
src/services/orders/OrderService.ts	912	POST	/orders/bulk-send-external
src/services/orders/WorkflowService.ts	270	PATCH	/workflows/:id/activate
src/services/orders/WorkflowService.ts	286	PATCH	/workflows/:id/deactivate
src/services/orders/WorkflowService.ts	413	POST	/workflows/calculate-progress
src/services/orders/WorkflowService.ts	444	GET	/workflows/next-step/:id
src/services/platform.service.ts	373	POST	/platform/tenants/:id/master-users
src/services/platform.service.ts	389	POST	/platform/users/:id/force-reset
src/services/platform.service.ts	564	GET	/tenants/:id/fleet-groups
src/services/platform.service.ts	583	POST	/tenants/:id/fleet-groups
src/services/platform.service.ts	597	PUT	/tenants/:id/fleet-groups/:id
src/services/platform.service.ts	610	DELETE	/tenants/:id/fleet-groups/:id
src/services/report.service.ts	523	GET	/reports/generated/operational
src/services/report.service.ts	575	GET	/reports/generated/financial
src/services/report.service.ts	623	GET	/reports/generated/usage-stats
src/services/scheduling-service.ts	74	GET	/operations/scheduling/pending-orders
src/services/scheduling-service.ts	86	GET	/operations/scheduling/all-orders
src/services/scheduling-service.ts	98	GET	/operations/scheduling/vehicles
src/services/scheduling-service.ts	110	GET	/operations/scheduling/drivers
src/services/scheduling-service.ts	355	POST	/operations/scheduling/validate-workflow
src/services/scheduling-service.ts	376	GET	/operations/scheduling/workflow-info/:id
src/services/scheduling-service.ts	866	DELETE	/operations/scheduling/blocked-days/:blockId
